{
    "max_distance": 200,
    "min_distance": 197,
    "misplacement": false,
    "gps": [
        289937.58617831557,
        2783971.4793423186
    ]
}